{
  "Menhera": {
    "type": "image",
    "container": [
      {
        "icon": "  <img src=\"https://valinecdn.bili33.top/Menhera-chan/1.jpg\">",
        "text": ""
      },
      {
        "icon": " <img src=\"https://valinecdn.bili33.top/Menhera-chan/10.jpg\">",
        "text": ""
      },
      {
        "icon": " <img src=\"https://valinecdn.bili33.top/Menhera-chan/100.jpg\">",
        "text": ""
      },
      {
        "icon": " <img src=\"https://valinecdn.bili33.top/Menhera-chan/101.jpg\">",
        "text": ""
      },
      {
        "icon": " <img src=\"https://valinecdn.bili33.top/Menhera-chan/102.jpg\">",
        "text": ""
      },
      {
        "icon": " <img src=\"https://valinecdn.bili33.top/Menhera-chan/103.jpg\">",
        "text": ""
      },
      {
        "icon": " <img src=\"https://valinecdn.bili33.top/Menhera-chan/104.jpg\">",
        "text": ""
      },
      {
        "icon": " <img src=\"https://valinecdn.bili33.top/Menhera-chan/105.jpg\">",
        "text": ""
      },
      {
        "icon": " <img src=\"https://valinecdn.bili33.top/Menhera-chan/106.jpg\">",
        "text": ""
      },
      {
        "icon": " <img src=\"https://valinecdn.bili33.top/Menhera-chan/107.jpg\">",
        "text": ""
      },
      {
        "icon": " <img src=\"https://valinecdn.bili33.top/Menhera-chan/108.jpg\">",
        "text": ""
      },
      {
        "icon": " <img src=\"https://valinecdn.bili33.top/Menhera-chan/109.jpg\">",
        "text": ""
      },
      {
        "icon": " <img src=\"https://valinecdn.bili33.top/Menhera-chan/11.jpg\">",
        "text": ""
      },
      {
        "icon": " <img src=\"https://valinecdn.bili33.top/Menhera-chan/110.jpg\">",
        "text": ""
      },
      {
        "icon": " <img src=\"https://valinecdn.bili33.top/Menhera-chan/111.jpg\">",
        "text": ""
      },
      {
        "icon": " <img src=\"https://valinecdn.bili33.top/Menhera-chan/112.jpg\">",
        "text": ""
      },
      {
        "icon": " <img src=\"https://valinecdn.bili33.top/Menhera-chan/113.jpg\">",
        "text": ""
      },
      {
        "icon": " <img src=\"https://valinecdn.bili33.top/Menhera-chan/114.jpg\">",
        "text": ""
      },
      {
        "icon": " <img src=\"https://valinecdn.bili33.top/Menhera-chan/115.jpg\">",
        "text": ""
      },
      {
        "icon": " <img src=\"https://valinecdn.bili33.top/Menhera-chan/116.jpg\">",
        "text": ""
      },
      {
        "icon": " <img src=\"https://valinecdn.bili33.top/Menhera-chan/117.jpg\">",
        "text": ""
      },
      {
        "icon": " <img src=\"https://valinecdn.bili33.top/Menhera-chan/118.jpg\">",
        "text": ""
      },
      {
        "icon": " <img src=\"https://valinecdn.bili33.top/Menhera-chan/119.jpg\">",
        "text": ""
      },
      {
        "icon": " <img src=\"https://valinecdn.bili33.top/Menhera-chan/12.jpg\">",
        "text": ""
      },
      {
        "icon": " <img src=\"https://valinecdn.bili33.top/Menhera-chan/120.jpg\">",
        "text": ""
      },
      {
        "icon": " <img src=\"https://valinecdn.bili33.top/Menhera-chan/13.jpg\">",
        "text": ""
      },
      {
        "icon": " <img src=\"https://valinecdn.bili33.top/Menhera-chan/14.jpg\">",
        "text": ""
      },
      {
        "icon": " <img src=\"https://valinecdn.bili33.top/Menhera-chan/15.jpg\">",
        "text": ""
      },
      {
        "icon": " <img src=\"https://valinecdn.bili33.top/Menhera-chan/16.jpg\">",
        "text": ""
      },
      {
        "icon": " <img src=\"https://valinecdn.bili33.top/Menhera-chan/17.jpg\">",
        "text": ""
      },
      {
        "icon": " <img src=\"https://valinecdn.bili33.top/Menhera-chan/18.jpg\">",
        "text": ""
      },
      {
        "icon": " <img src=\"https://valinecdn.bili33.top/Menhera-chan/19.jpg\">",
        "text": ""
      },
      {
        "icon": " <img src=\"https://valinecdn.bili33.top/Menhera-chan/2.jpg\">",
        "text": ""
      },
      {
        "icon": " <img src=\"https://valinecdn.bili33.top/Menhera-chan/20.jpg\">",
        "text": ""
      },
      {
        "icon": " <img src=\"https://valinecdn.bili33.top/Menhera-chan/21.jpg\">",
        "text": ""
      },
      {
        "icon": " <img src=\"https://valinecdn.bili33.top/Menhera-chan/22.jpg\">",
        "text": ""
      },
      {
        "icon": " <img src=\"https://valinecdn.bili33.top/Menhera-chan/23.jpg\">",
        "text": ""
      },
      {
        "icon": " <img src=\"https://valinecdn.bili33.top/Menhera-chan/24.jpg\">",
        "text": ""
      },
      {
        "icon": " <img src=\"https://valinecdn.bili33.top/Menhera-chan/25.jpg\">",
        "text": ""
      },
      {
        "icon": " <img src=\"https://valinecdn.bili33.top/Menhera-chan/26.jpg\">",
        "text": ""
      },
      {
        "icon": " <img src=\"https://valinecdn.bili33.top/Menhera-chan/27.jpg\">",
        "text": ""
      },
      {
        "icon": " <img src=\"https://valinecdn.bili33.top/Menhera-chan/28.jpg\">",
        "text": ""
      },
      {
        "icon": " <img src=\"https://valinecdn.bili33.top/Menhera-chan/29.jpg\">",
        "text": ""
      },
      {
        "icon": " <img src=\"https://valinecdn.bili33.top/Menhera-chan/3.jpg\">",
        "text": ""
      },
      {
        "icon": " <img src=\"https://valinecdn.bili33.top/Menhera-chan/30.jpg\">",
        "text": ""
      },
      {
        "icon": " <img src=\"https://valinecdn.bili33.top/Menhera-chan/31.jpg\">",
        "text": ""
      },
      {
        "icon": " <img src=\"https://valinecdn.bili33.top/Menhera-chan/32.jpg\">",
        "text": ""
      },
      {
        "icon": " <img src=\"https://valinecdn.bili33.top/Menhera-chan/33.jpg\">",
        "text": ""
      },
      {
        "icon": " <img src=\"https://valinecdn.bili33.top/Menhera-chan/34.jpg\">",
        "text": ""
      },
      {
        "icon": " <img src=\"https://valinecdn.bili33.top/Menhera-chan/35.jpg\">",
        "text": ""
      },
      {
        "icon": " <img src=\"https://valinecdn.bili33.top/Menhera-chan/36.jpg\">",
        "text": ""
      },
      {
        "icon": " <img src=\"https://valinecdn.bili33.top/Menhera-chan/37.jpg\">",
        "text": ""
      },
      {
        "icon": " <img src=\"https://valinecdn.bili33.top/Menhera-chan/38.jpg\">",
        "text": ""
      },
      {
        "icon": " <img src=\"https://valinecdn.bili33.top/Menhera-chan/39.jpg\">",
        "text": ""
      },
      {
        "icon": " <img src=\"https://valinecdn.bili33.top/Menhera-chan/4.jpg\">",
        "text": ""
      },
      {
        "icon": " <img src=\"https://valinecdn.bili33.top/Menhera-chan/40.jpg\">",
        "text": ""
      },
      {
        "icon": " <img src=\"https://valinecdn.bili33.top/Menhera-chan/41.jpg\">",
        "text": ""
      },
      {
        "icon": " <img src=\"https://valinecdn.bili33.top/Menhera-chan/42.jpg\">",
        "text": ""
      },
      {
        "icon": " <img src=\"https://valinecdn.bili33.top/Menhera-chan/43.jpg\">",
        "text": ""
      },
      {
        "icon": " <img src=\"https://valinecdn.bili33.top/Menhera-chan/44.jpg\">",
        "text": ""
      },
      {
        "icon": " <img src=\"https://valinecdn.bili33.top/Menhera-chan/45.jpg\">",
        "text": ""
      },
      {
        "icon": " <img src=\"https://valinecdn.bili33.top/Menhera-chan/46.jpg\">",
        "text": ""
      },
      {
        "icon": " <img src=\"https://valinecdn.bili33.top/Menhera-chan/47.jpg\">",
        "text": ""
      },
      {
        "icon": " <img src=\"https://valinecdn.bili33.top/Menhera-chan/48.jpg\">",
        "text": ""
      },
      {
        "icon": " <img src=\"https://valinecdn.bili33.top/Menhera-chan/49.jpg\">",
        "text": ""
      },
      {
        "icon": " <img src=\"https://valinecdn.bili33.top/Menhera-chan/5.jpg\">",
        "text": ""
      },
      {
        "icon": " <img src=\"https://valinecdn.bili33.top/Menhera-chan/50.jpg\">",
        "text": ""
      },
      {
        "icon": " <img src=\"https://valinecdn.bili33.top/Menhera-chan/51.jpg\">",
        "text": ""
      },
      {
        "icon": " <img src=\"https://valinecdn.bili33.top/Menhera-chan/52.jpg\">",
        "text": ""
      },
      {
        "icon": " <img src=\"https://valinecdn.bili33.top/Menhera-chan/53(1).jpg\">",
        "text": ""
      },
      {
        "icon": " <img src=\"https://valinecdn.bili33.top/Menhera-chan/53.jpg\">",
        "text": ""
      },
      {
        "icon": " <img src=\"https://valinecdn.bili33.top/Menhera-chan/54.jpg\">",
        "text": ""
      },
      {
        "icon": " <img src=\"https://valinecdn.bili33.top/Menhera-chan/55.jpg\">",
        "text": ""
      },
      {
        "icon": " <img src=\"https://valinecdn.bili33.top/Menhera-chan/56.jpg\">",
        "text": ""
      },
      {
        "icon": " <img src=\"https://valinecdn.bili33.top/Menhera-chan/57.jpg\">",
        "text": ""
      },
      {
        "icon": " <img src=\"https://valinecdn.bili33.top/Menhera-chan/58.jpg\">",
        "text": ""
      },
      {
        "icon": " <img src=\"https://valinecdn.bili33.top/Menhera-chan/59.jpg\">",
        "text": ""
      },
      {
        "icon": " <img src=\"https://valinecdn.bili33.top/Menhera-chan/6.jpg\">",
        "text": ""
      },
      {
        "icon": " <img src=\"https://valinecdn.bili33.top/Menhera-chan/60.jpg\">",
        "text": ""
      },
      {
        "icon": " <img src=\"https://valinecdn.bili33.top/Menhera-chan/61.jpg\">",
        "text": ""
      },
      {
        "icon": " <img src=\"https://valinecdn.bili33.top/Menhera-chan/62.jpg\">",
        "text": ""
      },
      {
        "icon": " <img src=\"https://valinecdn.bili33.top/Menhera-chan/63.jpg\">",
        "text": ""
      },
      {
        "icon": " <img src=\"https://valinecdn.bili33.top/Menhera-chan/64.jpg\">",
        "text": ""
      },
      {
        "icon": " <img src=\"https://valinecdn.bili33.top/Menhera-chan/65.jpg\">",
        "text": ""
      },
      {
        "icon": " <img src=\"https://valinecdn.bili33.top/Menhera-chan/66.jpg\">",
        "text": ""
      },
      {
        "icon": " <img src=\"https://valinecdn.bili33.top/Menhera-chan/67.jpg\">",
        "text": ""
      },
      {
        "icon": " <img src=\"https://valinecdn.bili33.top/Menhera-chan/68.jpg\">",
        "text": ""
      },
      {
        "icon": " <img src=\"https://valinecdn.bili33.top/Menhera-chan/69.jpg\">",
        "text": ""
      },
      {
        "icon": " <img src=\"https://valinecdn.bili33.top/Menhera-chan/7.jpg\">",
        "text": ""
      },
      {
        "icon": " <img src=\"https://valinecdn.bili33.top/Menhera-chan/70.jpg\">",
        "text": ""
      },
      {
        "icon": " <img src=\"https://valinecdn.bili33.top/Menhera-chan/71.jpg\">",
        "text": ""
      },
      {
        "icon": " <img src=\"https://valinecdn.bili33.top/Menhera-chan/72.jpg\">",
        "text": ""
      },
      {
        "icon": " <img src=\"https://valinecdn.bili33.top/Menhera-chan/73.jpg\">",
        "text": ""
      },
      {
        "icon": " <img src=\"https://valinecdn.bili33.top/Menhera-chan/74.jpg\">",
        "text": ""
      },
      {
        "icon": " <img src=\"https://valinecdn.bili33.top/Menhera-chan/75.jpg\">",
        "text": ""
      },
      {
        "icon": " <img src=\"https://valinecdn.bili33.top/Menhera-chan/76.jpg\">",
        "text": ""
      },
      {
        "icon": " <img src=\"https://valinecdn.bili33.top/Menhera-chan/77.jpg\">",
        "text": ""
      },
      {
        "icon": " <img src=\"https://valinecdn.bili33.top/Menhera-chan/78.jpg\">",
        "text": ""
      },
      {
        "icon": " <img src=\"https://valinecdn.bili33.top/Menhera-chan/79.jpg\">",
        "text": ""
      },
      {
        "icon": " <img src=\"https://valinecdn.bili33.top/Menhera-chan/8.jpg\">",
        "text": ""
      },
      {
        "icon": " <img src=\"https://valinecdn.bili33.top/Menhera-chan/80.jpg\">",
        "text": ""
      },
      {
        "icon": " <img src=\"https://valinecdn.bili33.top/Menhera-chan/81.jpg\">",
        "text": ""
      },
      {
        "icon": " <img src=\"https://valinecdn.bili33.top/Menhera-chan/82.jpg\">",
        "text": ""
      },
      {
        "icon": " <img src=\"https://valinecdn.bili33.top/Menhera-chan/83.jpg\">",
        "text": ""
      },
      {
        "icon": " <img src=\"https://valinecdn.bili33.top/Menhera-chan/84.jpg\">",
        "text": ""
      },
      {
        "icon": " <img src=\"https://valinecdn.bili33.top/Menhera-chan/85.jpg\">",
        "text": ""
      },
      {
        "icon": " <img src=\"https://valinecdn.bili33.top/Menhera-chan/86.jpg\">",
        "text": ""
      },
      {
        "icon": " <img src=\"https://valinecdn.bili33.top/Menhera-chan/87.jpg\">",
        "text": ""
      },
      {
        "icon": " <img src=\"https://valinecdn.bili33.top/Menhera-chan/88.jpg\">",
        "text": ""
      },
      {
        "icon": " <img src=\"https://valinecdn.bili33.top/Menhera-chan/89.jpg\">",
        "text": ""
      },
      {
        "icon": " <img src=\"https://valinecdn.bili33.top/Menhera-chan/9.jpg\">",
        "text": ""
      },
      {
        "icon": " <img src=\"https://valinecdn.bili33.top/Menhera-chan/90.jpg\">",
        "text": ""
      },
      {
        "icon": " <img src=\"https://valinecdn.bili33.top/Menhera-chan/91.jpg\">",
        "text": ""
      },
      {
        "icon": " <img src=\"https://valinecdn.bili33.top/Menhera-chan/92.jpg\">",
        "text": ""
      },
      {
        "icon": " <img src=\"https://valinecdn.bili33.top/Menhera-chan/93.jpg\">",
        "text": ""
      },
      {
        "icon": " <img src=\"https://valinecdn.bili33.top/Menhera-chan/94.jpg\">",
        "text": ""
      },
      {
        "icon": " <img src=\"https://valinecdn.bili33.top/Menhera-chan/95.jpg\">",
        "text": ""
      },
      {
        "icon": " <img src=\"https://valinecdn.bili33.top/Menhera-chan/96.jpg\">",
        "text": ""
      },
      {
        "icon": " <img src=\"https://valinecdn.bili33.top/Menhera-chan/97.jpg\">",
        "text": ""
      },
      {
        "icon": " <img src=\"https://valinecdn.bili33.top/Menhera-chan/98.jpg\">",
        "text": ""
      },
      {
        "icon": " <img src=\"https://valinecdn.bili33.top/Menhera-chan/99.jpg\">",
        "text": ""
      }
    ]
  },
  "Mafumafu": {
    "type": "image",
    "container": [{
        "icon": " <img src=\"https://valinecdn.bili33.top/Mafumafu/199749454.png\">",
        "text": ""
      },
      {
        "icon": " <img src=\"https://valinecdn.bili33.top/Mafumafu/199749455.png\">",
        "text": ""
      },
      {
        "icon": " <img src=\"https://valinecdn.bili33.top/Mafumafu/199749456.png\">",
        "text": ""
      },
      {
        "icon": " <img src=\"https://valinecdn.bili33.top/Mafumafu/199749457.png\">",
        "text": ""
      },
      {
        "icon": " <img src=\"https://valinecdn.bili33.top/Mafumafu/199749458.png\">",
        "text": ""
      },
      {
        "icon": " <img src=\"https://valinecdn.bili33.top/Mafumafu/199749459.png\">",
        "text": ""
      },
      {
        "icon": " <img src=\"https://valinecdn.bili33.top/Mafumafu/199749460.png\">",
        "text": ""
      },
      {
        "icon": " <img src=\"https://valinecdn.bili33.top/Mafumafu/199749461.png\">",
        "text": ""
      },
      {
        "icon": " <img src=\"https://valinecdn.bili33.top/Mafumafu/199749462.png\">",
        "text": ""
      },
      {
        "icon": " <img src=\"https://valinecdn.bili33.top/Mafumafu/199749463.png\">",
        "text": ""
      },
      {
        "icon": " <img src=\"https://valinecdn.bili33.top/Mafumafu/199749464.png\">",
        "text": ""
      },
      {
        "icon": " <img src=\"https://valinecdn.bili33.top/Mafumafu/199749465.png\">",
        "text": ""
      },
      {
        "icon": " <img src=\"https://valinecdn.bili33.top/Mafumafu/199749466.png\">",
        "text": ""
      },
      {
        "icon": " <img src=\"https://valinecdn.bili33.top/Mafumafu/199749467.png\">",
        "text": ""
      },
      {
        "icon": " <img src=\"https://valinecdn.bili33.top/Mafumafu/199749468.png\">",
        "text": ""
      },
      {
        "icon": " <img src=\"https://valinecdn.bili33.top/Mafumafu/199749469.png\">",
        "text": ""
      },
      {
        "icon": " <img src=\"https://valinecdn.bili33.top/Mafumafu/199749470.png\">",
        "text": ""
      },
      {
        "icon": " <img src=\"https://valinecdn.bili33.top/Mafumafu/199749471.png\">",
        "text": ""
      },
      {
        "icon": " <img src=\"https://valinecdn.bili33.top/Mafumafu/199749472.png\">",
        "text": ""
      },
      {
        "icon": " <img src=\"https://valinecdn.bili33.top/Mafumafu/199749473.png\">",
        "text": ""
      },
      {
        "icon": " <img src=\"https://valinecdn.bili33.top/Mafumafu/199749474.png\">",
        "text": ""
      },
      {
        "icon": " <img src=\"https://valinecdn.bili33.top/Mafumafu/199749475.png\">",
        "text": ""
      },
      {
        "icon": " <img src=\"https://valinecdn.bili33.top/Mafumafu/199749476.png\">",
        "text": ""
      },
      {
        "icon": " <img src=\"https://valinecdn.bili33.top/Mafumafu/199749477.png\">",
        "text": ""
      }
    ]
  },
  "2233娘": {
    "type": "image",
    "container": [{
        "icon": " <img src=\"https://valinecdn.bili33.top/bilibili2233/[2233娘_卖萌].png\">",
        "text": ""
      },
      {
        "icon": " <img src=\"https://valinecdn.bili33.top/bilibili2233/[2233娘_吃惊].png\">",
        "text": ""
      },
      {
        "icon": " <img src=\"https://valinecdn.bili33.top/bilibili2233/[2233娘_吐魂].png\">",
        "text": ""
      },
      {
        "icon": " <img src=\"https://valinecdn.bili33.top/bilibili2233/[2233娘_喝水].png\">",
        "text": ""
      },
      {
        "icon": " <img src=\"https://valinecdn.bili33.top/bilibili2233/[2233娘_困惑].png\">",
        "text": ""
      },
      {
        "icon": " <img src=\"https://valinecdn.bili33.top/bilibili2233/[2233娘_大哭].png\">",
        "text": ""
      },
      {
        "icon": " <img src=\"https://valinecdn.bili33.top/bilibili2233/[2233娘_大笑].png\">",
        "text": ""
      },
      {
        "icon": " <img src=\"https://valinecdn.bili33.top/bilibili2233/[2233娘_委屈].png\">",
        "text": ""
      },
      {
        "icon": " <img src=\"https://valinecdn.bili33.top/bilibili2233/[2233娘_怒].png\">",
        "text": ""
      },
      {
        "icon": " <img src=\"https://valinecdn.bili33.top/bilibili2233/[2233娘_无言].png\">",
        "text": ""
      },
      {
        "icon": " <img src=\"https://valinecdn.bili33.top/bilibili2233/[2233娘_汗].png\">",
        "text": ""
      },
      {
        "icon": " <img src=\"https://valinecdn.bili33.top/bilibili2233/[2233娘_疑问].png\">",
        "text": ""
      },
      {
        "icon": " <img src=\"https://valinecdn.bili33.top/bilibili2233/[2233娘_第一].png\">",
        "text": ""
      },
      {
        "icon": " <img src=\"https://valinecdn.bili33.top/bilibili2233/[2233娘_耶].png\">",
        "text": ""
      },
      {
        "icon": " <img src=\"https://valinecdn.bili33.top/bilibili2233/[2233娘_郁闷].png\">",
        "text": ""
      }
    ]
  },
  "Bilibili": {
    "type": "image",
    "container": [{
        "icon": " <img src=\"https://cdn.jsdelivr.net/gh/imaegoo/emotion/bilibili/6ea59c827c414b4a2955fe79e0f6fd3dcd515e24.png\">",
        "text": "tv_doge"
      },
      {
        "icon": " <img src=\"https://cdn.jsdelivr.net/gh/imaegoo/emotion/bilibili/a8111ad55953ef5e3be3327ef94eb4a39d535d06.png\">",
        "text": "tv_亲亲"
      },
      {
        "icon": " <img src=\"https://cdn.jsdelivr.net/gh/imaegoo/emotion/bilibili/bb690d4107620f1c15cff29509db529a73aee261.png\">",
        "text": "tv_偷笑"
      },
      {
        "icon": " <img src=\"https://cdn.jsdelivr.net/gh/imaegoo/emotion/bilibili/180129b8ea851044ce71caf55cc8ce44bd4a4fc8.png\">",
        "text": "tv_再见"
      },
      {
        "icon": " <img src=\"https://cdn.jsdelivr.net/gh/imaegoo/emotion/bilibili/b9cbc755c2b3ee43be07ca13de84e5b699a3f101.png\">",
        "text": "tv_冷漠"
      },
      {
        "icon": " <img src=\"https://cdn.jsdelivr.net/gh/imaegoo/emotion/bilibili/34ba3cd204d5b05fec70ce08fa9fa0dd612409ff.png\">",
        "text": "tv_发怒"
      },
      {
        "icon": " <img src=\"https://cdn.jsdelivr.net/gh/imaegoo/emotion/bilibili/34db290afd2963723c6eb3c4560667db7253a21a.png\">",
        "text": "tv_发财"
      },
      {
        "icon": " <img src=\"https://cdn.jsdelivr.net/gh/imaegoo/emotion/bilibili/9e55fd9b500ac4b96613539f1ce2f9499e314ed9.png\">",
        "text": "tv_可爱"
      },
      {
        "icon": " <img src=\"https://cdn.jsdelivr.net/gh/imaegoo/emotion/bilibili/09dd16a7aa59b77baa1155d47484409624470c77.png\">",
        "text": "tv_吐血"
      },
      {
        "icon": " <img src=\"https://cdn.jsdelivr.net/gh/imaegoo/emotion/bilibili/fe1179ebaa191569b0d31cecafe7a2cd1c951c9d.png\">",
        "text": "tv_呆"
      },
      {
        "icon": " <img src=\"https://cdn.jsdelivr.net/gh/imaegoo/emotion/bilibili/9f996894a39e282ccf5e66856af49483f81870f3.png\">",
        "text": "tv_呕吐"
      },
      {
        "icon": " <img src=\"https://cdn.jsdelivr.net/gh/imaegoo/emotion/bilibili/241ee304e44c0af029adceb294399391e4737ef2.png\">",
        "text": "tv_困"
      },
      {
        "icon": " <img src=\"https://cdn.jsdelivr.net/gh/imaegoo/emotion/bilibili/1f0b87f731a671079842116e0991c91c2c88645a.png\">",
        "text": "tv_坏笑"
      },
      {
        "icon": " <img src=\"https://cdn.jsdelivr.net/gh/imaegoo/emotion/bilibili/093c1e2c490161aca397afc45573c877cdead616.png\">",
        "text": "tv_大佬"
      },
      {
        "icon": " <img src=\"https://cdn.jsdelivr.net/gh/imaegoo/emotion/bilibili/23269aeb35f99daee28dda129676f6e9ea87934f.png\">",
        "text": "tv_大哭"
      },
      {
        "icon": " <img src=\"https://cdn.jsdelivr.net/gh/imaegoo/emotion/bilibili/d04dba7b5465779e9755d2ab6f0a897b9b33bb77.png\">",
        "text": "tv_委屈"
      },
      {
        "icon": " <img src=\"https://cdn.jsdelivr.net/gh/imaegoo/emotion/bilibili/a37683fb5642fa3ddfc7f4e5525fd13e42a2bdb1.png\">",
        "text": "tv_害羞"
      },
      {
        "icon": " <img src=\"https://cdn.jsdelivr.net/gh/imaegoo/emotion/bilibili/7cfa62dafc59798a3d3fb262d421eeeff166cfa4.png\">",
        "text": "tv_尴尬"
      },
      {
        "icon": " <img src=\"https://cdn.jsdelivr.net/gh/imaegoo/emotion/bilibili/70dc5c7b56f93eb61bddba11e28fb1d18fddcd4c.png\">",
        "text": "tv_微笑"
      },
      {
        "icon": " <img src=\"https://cdn.jsdelivr.net/gh/imaegoo/emotion/bilibili/90cf159733e558137ed20aa04d09964436f618a1.png\">",
        "text": "tv_思考"
      },
      {
        "icon": " <img src=\"https://cdn.jsdelivr.net/gh/imaegoo/emotion/bilibili/0d15c7e2ee58e935adc6a7193ee042388adc22af.png\">",
        "text": "tv_惊吓"
      }
    ]
  }
}
